fixed acidity,volatile acidity,citric acid,residual sugar,chlorides,free sulfur dioxide,total sulfur dioxide,density,pH,sulphates,alcohol,quality,class
8.5,0.21,0.26,9.25,0.034,73.0,142.0,0.9945,3.05,0.37,11.4,6,white
8.3,0.16,0.37,7.9,0.025,38.0,107.0,0.99306,2.93,0.37,11.9,6,white
6.8,0.18,0.38,1.4,0.038,35.0,111.0,0.9918,3.32,0.59,11.2,7,white
6.1,0.26,0.25,2.9,0.047,289.0,440.0,0.99314,3.44,0.64,10.5,3,white
7.5,0.63,0.27,2.0,0.083,17.0,91.0,0.99616,3.26,0.58,9.8,6,red
5.7,0.265,0.28,6.9,0.036,46.0,150.0,0.99299,3.36,0.44,10.8,7,white
6.6,0.21,0.31,11.4,0.039,46.0,165.0,0.99795,3.41,0.44,9.8,7,white
6.7,0.31,0.3,2.1,0.038,18.0,130.0,0.9928,3.36,0.63,10.6,6,white
8.9,0.75,0.14,2.5,0.086,9.0,30.0,0.99824,3.34,0.64,10.5,5,red
7.5,0.42,0.2,1.4,0.06,15.0,168.0,0.9944,3.06,0.4,9.4,6,white
5.5,0.335,0.3,2.5,0.071,27.0,128.0,0.9924,3.14,0.51,9.6,6,white
6.7,0.7,0.08,3.75,0.067,8.0,16.0,0.99334,3.43,0.52,12.6,5,red
8.1,0.36,0.59,13.6,0.051,60.0,134.0,0.99886,2.96,0.39,8.7,5,white
6.5,0.2,0.35,3.9,0.04,27.0,140.0,0.99102,2.98,0.53,11.8,6,white
6.8,0.3,0.35,2.8,0.038,10.0,164.0,0.9912,3.09,0.53,12.0,6,white
6.2,0.25,0.42,8.0,0.049,53.0,206.0,0.99586,3.16,0.47,9.1,6,white
10.7,0.4,0.48,2.1,0.125,15.0,49.0,0.998,3.03,0.81,9.7,6,red
8.5,0.26,0.21,16.2,0.074,41.0,197.0,0.998,3.02,0.5,9.8,3,white
11.1,0.18,0.48,1.5,0.068,7.0,15.0,0.9973,3.22,0.64,10.1,6,red
9.3,0.39,0.44,2.1,0.107,34.0,125.0,0.9978,3.14,1.22,9.5,5,red
7.0,0.65,0.02,2.1,0.066,8.0,25.0,0.9972,3.47,0.67,9.5,6,red
6.8,0.15,0.41,12.9,0.044,79.5,182.0,0.99742,3.24,0.78,10.2,6,white
7.1,0.26,0.34,14.4,0.067,35.0,189.0,0.9986,3.07,0.53,9.1,7,white
6.6,0.61,0.01,1.9,0.08,8.0,25.0,0.99746,3.69,0.73,10.5,5,red
8.2,0.52,0.34,1.2,0.042,18.0,167.0,0.99366,3.24,0.39,10.6,5,white
5.8,0.58,0.0,1.5,0.02,33.0,96.0,0.98918,3.29,0.38,12.4,6,white
6.8,0.28,0.37,7.0,0.057,35.0,208.0,0.9973,3.57,0.55,10.2,5,white
6.9,0.42,0.2,15.4,0.043,57.0,201.0,0.99848,3.08,0.54,9.4,5,white
9.3,0.33,0.45,1.5,0.057,19.0,37.0,0.99498,3.18,0.89,11.1,7,red
7.0,0.32,0.27,7.1,0.027,37.0,122.0,0.99165,3.15,0.6,12.6,7,white
7.8,0.28,0.32,9.0,0.036,34.0,115.0,0.9952,3.17,0.39,10.3,7,white
5.4,0.29,0.38,1.2,0.029,31.0,132.0,0.98895,3.28,0.36,12.4,6,white
8.0,0.36,0.39,1.6,0.024,26.0,93.0,0.99116,3.15,0.49,11.9,6,white
5.9,0.26,0.4,1.3,0.047,12.0,139.0,0.9945,3.45,0.53,10.4,5,white
7.3,0.2,0.39,2.3,0.048,24.0,87.0,0.99044,2.94,0.35,12.0,6,white
9.1,0.28,0.48,1.8,0.067,26.0,46.0,0.9967,3.32,1.04,10.6,6,red
6.2,0.21,0.26,13.1,0.05,59.0,150.0,0.99772,3.31,0.46,9.0,5,white
7.2,0.48,0.07,5.5,0.089,10.0,18.0,0.99684,3.37,0.68,11.2,7,red
6.9,0.4,0.56,11.2,0.043,40.0,142.0,0.9975,3.14,0.46,8.7,5,white
6.8,0.3,0.26,20.3,0.037,45.0,150.0,0.99727,3.04,0.38,12.3,6,white
7.0,0.29,0.49,3.8,0.047,37.0,136.0,0.9938,2.95,0.4,9.4,6,white
7.6,0.68,0.02,1.3,0.072,9.0,20.0,0.9965,3.17,1.08,9.2,4,red
7.1,0.2,0.37,1.5,0.049,28.0,129.0,0.99226,3.15,0.52,10.8,5,white
6.7,0.15,0.38,1.7,0.037,20.0,84.0,0.99046,3.09,0.53,11.4,6,white
9.0,0.66,0.17,3.0,0.077,5.0,13.0,0.9976,3.29,0.55,10.4,5,red
8.2,0.57,0.26,2.2,0.06,28.0,65.0,0.9959,3.3,0.43,10.1,5,red
5.9,0.61,0.08,2.1,0.071,16.0,24.0,0.99376,3.56,0.77,11.1,6,red
7.1,0.21,0.32,2.2,0.037,28.0,141.0,0.993,3.2,0.57,10.0,7,white
6.9,0.45,0.11,2.4,0.043,6.0,12.0,0.99354,3.3,0.65,11.4,6,red
5.6,0.26,0.18,1.4,0.034,18.0,135.0,0.99174,3.32,0.35,10.2,6,white
7.4,0.7,0.0,1.9,0.076,11.0,34.0,0.9978,3.51,0.56,9.4,5,red
6.3,0.41,0.3,3.2,0.03,49.0,164.0,0.9927,3.53,0.79,11.7,7,white
6.4,0.21,0.28,5.9,0.047,29.0,101.0,0.99278,3.15,0.4,11.0,6,white
7.1,0.47,0.29,14.8,0.024,22.0,142.0,0.99518,3.12,0.48,12.0,8,white
7.7,0.11,0.34,14.05,0.04,41.0,114.0,0.99634,3.07,0.59,11.0,7,white
6.6,0.3,0.24,1.2,0.034,17.0,121.0,0.9933,3.13,0.36,9.2,5,white
7.1,0.33,0.25,1.6,0.03,25.0,126.0,0.9901,3.22,0.34,12.1,7,white
6.8,0.21,0.31,2.9,0.046,40.0,121.0,0.9913,3.07,0.65,10.9,7,white
7.7,0.69,0.05,2.7,0.075,15.0,27.0,0.9974,3.26,0.61,9.1,5,red
6.5,0.23,0.2,7.5,0.05,44.0,179.0,0.99504,3.18,0.48,9.53333333333333,5,white
5.9,0.4,0.32,6.0,0.034,50.0,127.0,0.992,3.51,0.58,12.5,7,white
7.3,0.19,0.27,13.9,0.057,45.0,155.0,0.99807,2.94,0.41,8.8,8,white
6.7,0.24,0.3,3.85,0.042,105.0,179.0,0.99189,3.04,0.59,11.3,8,white
4.2,0.17,0.36,1.8,0.029,93.0,161.0,0.98999,3.65,0.89,12.0,7,white
8.4,0.22,0.3,1.3,0.038,45.0,122.0,0.99178,3.13,0.54,10.8,7,white
7.3,0.21,0.3,10.9,0.037,18.0,112.0,0.997,3.4,0.5,9.6,6,white
9.8,0.36,0.45,1.6,0.042,11.0,124.0,0.9944,2.93,0.46,10.8,5,white
6.5,0.35,0.38,7.4,0.036,20.0,196.0,0.99712,3.47,0.48,9.1,6,white
7.2,0.38,0.3,1.8,0.073,31.0,70.0,0.99685,3.42,0.59,9.5,6,red
6.8,0.22,0.31,1.4,0.053,34.0,114.0,0.9929,3.39,0.77,10.6,6,white
9.9,0.35,0.38,1.5,0.058,31.0,47.0,0.99676,3.26,0.82,10.6,7,red
6.8,0.18,0.3,12.8,0.062,19.0,171.0,0.99808,3.0,0.52,9.0,7,white
7.3,0.19,0.24,6.3,0.054,34.0,231.0,0.9964,3.36,0.54,10.0,6,white
5.3,0.36,0.27,6.3,0.028,40.0,132.0,0.99186,3.37,0.4,11.6,6,white
6.4,0.21,0.21,5.1,0.097,21.0,105.0,0.9939,3.07,0.46,9.6,5,white
7.2,0.51,0.24,10.0,0.093,35.0,197.0,0.9981,3.41,0.47,9.0,5,white
7.1,0.6,0.01,2.3,0.079,24.0,37.0,0.99514,3.4,0.61,10.9,6,red
6.1,0.38,0.42,5.0,0.016,31.0,113.0,0.99007,3.15,0.31,12.4,7,white
5.9,0.27,0.29,11.4,0.036,31.0,115.0,0.9949,3.35,0.48,10.5,8,white
8.1,0.28,0.34,1.3,0.035,11.0,126.0,0.99232,3.14,0.5,9.8,6,white
8.1,0.34,0.28,7.5,0.04,70.0,230.0,0.99558,3.14,0.55,9.8,6,white
10.4,0.61,0.49,2.1,0.2,5.0,16.0,0.9994,3.16,0.63,8.4,3,red
5.7,0.29,0.16,7.9,0.044,48.0,197.0,0.99512,3.21,0.36,9.4,5,white
6.5,0.33,0.3,3.8,0.036,34.0,88.0,0.99028,3.25,0.63,12.5,7,white
13.7,0.415,0.68,2.9,0.085,17.0,43.0,1.0014,3.06,0.8,10.0,6,red
8.2,0.37,0.36,1.0,0.034,17.0,93.0,0.9906,3.04,0.32,11.7,8,white
6.1,0.27,0.44,6.7,0.041,61.0,230.0,0.99505,3.12,0.4,8.9,5,white
5.4,0.29,0.38,1.2,0.029,31.0,132.0,0.98895,3.28,0.36,12.4,6,white
6.7,0.28,0.34,8.9,0.048,32.0,111.0,0.99455,3.25,0.54,11.0,7,white
6.8,0.33,0.28,1.2,0.032,38.0,131.0,0.9889,3.19,0.41,13.0,6,white
10.8,0.4,0.41,2.2,0.084,7.0,17.0,0.9984,3.08,0.67,9.3,6,red
6.8,0.25,0.24,1.6,0.045,39.0,164.0,0.99402,3.53,0.58,10.8,5,white
5.6,0.49,0.13,4.5,0.039,17.0,116.0,0.9907,3.42,0.9,13.7,7,white
6.3,0.28,0.22,9.5,0.04,30.0,111.0,0.99338,3.05,0.31,10.8,4,white
5.7,0.245,0.33,1.1,0.049,28.0,150.0,0.9927,3.13,0.42,9.3,5,white
6.9,0.32,0.16,1.4,0.051,15.0,96.0,0.994,3.22,0.38,9.5,4,white
6.7,0.31,0.31,4.9,0.031,20.0,151.0,0.9926,3.36,0.82,12.0,7,white
7.8,0.735,0.08,2.4,0.092,10.0,41.0,0.9974,3.24,0.71,9.8,6,red
8.0,0.3,0.63,1.6,0.081,16.0,29.0,0.99588,3.3,0.78,10.8,6,red
8.2,0.4,0.44,2.8,0.089,11.0,43.0,0.9975,3.53,0.61,10.5,6,red
6.3,0.2,0.24,1.7,0.052,36.0,135.0,0.99374,3.8,0.66,10.8,6,white
6.6,0.27,0.33,1.4,0.042,24.0,183.0,0.99215,3.29,0.46,10.7,5,white
6.3,0.39,0.08,1.7,0.066,3.0,20.0,0.9954,3.34,0.58,9.4,5,red
6.7,0.18,0.28,10.2,0.039,29.0,115.0,0.99469,3.11,0.45,10.9,7,white
10.0,0.29,0.4,2.9,0.098,10.0,26.0,1.0006,3.48,0.91,9.7,5,red
5.6,0.205,0.16,12.55,0.051,31.0,115.0,0.99564,3.4,0.38,10.8,6,white
6.6,0.56,0.16,3.1,0.045,28.0,92.0,0.994,3.12,0.35,9.1,6,white
6.1,0.22,0.49,1.5,0.051,18.0,87.0,0.9928,3.3,0.46,9.6,5,white
6.3,0.37,0.28,6.3,0.034,45.0,152.0,0.9921,3.29,0.46,11.6,7,white
6.9,0.37,0.23,9.5,0.057,54.0,166.0,0.99568,3.23,0.42,10.0,5,white
5.6,0.34,0.1,1.3,0.031,20.0,68.0,0.9906,3.36,0.51,11.2,7,white
6.3,0.19,0.33,10.1,0.063,63.0,133.0,0.99561,2.86,0.41,9.1,5,white
6.1,0.19,0.37,2.6,0.041,24.0,99.0,0.99153,3.18,0.5,10.9,6,white
6.2,0.3,0.28,1.6,0.036,28.0,106.0,0.988245,3.14,0.41,13.3,6,white
6.1,0.32,0.24,1.5,0.036,38.0,124.0,0.9898,3.29,0.42,12.4,7,white
5.7,0.27,0.16,9.0,0.053,32.0,111.0,0.99474,3.36,0.37,10.4,6,white
8.1,0.87,0.0,3.3,0.096,26.0,61.0,1.00025,3.6,0.72,9.8,4,red
7.4,0.36,0.33,1.4,0.025,27.0,55.0,0.9915,3.21,0.33,11.2,6,white
7.4,0.33,0.26,15.6,0.049,67.0,210.0,0.99907,3.06,0.68,9.5,5,white
9.0,0.3,0.49,7.2,0.039,32.0,84.0,0.9938,2.94,0.32,11.5,6,white
7.5,0.19,0.4,7.1,0.056,50.0,110.0,0.9954,3.06,0.52,9.9,6,white
5.4,0.24,0.18,2.3,0.05,22.0,145.0,0.99207,3.24,0.46,10.3,5,white
6.2,0.18,0.49,4.5,0.047,17.0,90.0,0.9919,3.27,0.37,11.6,6,white
7.0,0.35,0.24,1.9,0.04,21.0,144.0,0.9923,3.35,0.38,11.0,5,white
10.7,0.35,0.53,2.6,0.07,5.0,16.0,0.9972,3.15,0.65,11.0,8,red
6.0,0.2,0.71,1.6,0.15,10.0,54.0,0.9927,3.12,0.47,9.8,5,white
7.2,0.41,0.3,2.1,0.083,35.0,72.0,0.997,3.44,0.52,9.4,5,red
7.6,0.26,0.32,1.3,0.048,23.0,76.0,0.9903,2.96,0.46,12.0,6,white
9.0,0.4,0.41,2.0,0.058,15.0,40.0,0.99414,3.22,0.6,12.2,6,red
6.2,0.16,0.33,1.1,0.057,21.0,82.0,0.991,3.32,0.46,10.9,7,white
7.6,0.17,0.35,1.6,0.047,43.0,154.0,0.9934,3.36,0.69,11.1,6,white
11.8,0.38,0.55,2.1,0.071,5.0,19.0,0.9986,3.11,0.62,10.8,6,red
9.0,0.43,0.34,2.5,0.08,26.0,86.0,0.9987,3.38,0.62,9.5,6,red
6.6,0.56,0.15,10.0,0.037,38.0,157.0,0.99642,3.28,0.52,9.4,5,white
6.3,0.16,0.4,1.6,0.033,59.0,148.0,0.9914,3.44,0.53,11.4,5,white
7.3,0.3,0.33,2.3,0.043,28.0,125.0,0.99084,3.34,0.44,12.6,7,white
6.1,0.25,0.48,15.8,0.052,25.0,94.0,0.99782,3.07,0.45,9.2,6,white
6.4,0.28,0.44,7.1,0.048,49.0,179.0,0.99528,3.15,0.48,9.2,5,white
7.2,0.53,0.14,2.1,0.064,15.0,29.0,0.99323,3.35,0.61,12.1,6,red
6.2,0.35,0.2,18.1,0.069,33.0,158.0,0.99908,3.15,0.5,8.8,6,white
6.6,0.17,0.35,2.6,0.03,33.0,78.0,0.99146,3.22,0.72,11.3,6,white
9.0,0.22,0.49,10.4,0.048,52.0,195.0,0.9987,3.31,0.44,10.2,6,white
6.3,0.3,0.28,5.0,0.042,36.0,168.0,0.99505,3.22,0.69,9.5,6,white
11.4,0.46,0.5,2.7,0.122,4.0,17.0,1.0006,3.13,0.7,10.2,5,red
8.9,0.565,0.34,3.0,0.093,16.0,112.0,0.9998,3.38,0.61,9.5,5,red
7.5,0.33,0.48,19.45,0.048,55.0,243.0,1.001,2.95,0.4,8.8,5,white
6.4,0.26,0.21,8.2,0.05,51.0,182.0,0.99542,3.23,0.48,9.5,5,white
6.3,0.24,0.29,13.7,0.035,53.0,134.0,0.99567,3.17,0.38,10.6,6,white
6.6,0.34,0.4,8.1,0.046,68.0,170.0,0.99494,3.15,0.5,9.55,6,white
8.0,0.23,0.41,1.1,0.048,35.0,150.0,0.99168,3.09,0.47,11.2,5,white
9.3,0.2,0.33,1.7,0.05,28.0,178.0,0.9954,3.16,0.43,9.0,4,white
6.0,0.19,0.29,1.2,0.046,29.0,92.0,0.99033,3.22,0.53,11.3,6,white
5.6,0.41,0.22,7.1,0.05,44.0,154.0,0.9931,3.3,0.4,10.5,5,white
7.5,0.18,0.31,11.7,0.051,24.0,94.0,0.997,3.19,0.44,9.5,7,white
6.7,0.16,0.64,2.1,0.059,24.0,52.0,0.99494,3.34,0.71,11.2,6,red
6.2,0.29,0.23,12.4,0.048,33.0,201.0,0.99612,3.11,0.56,9.9,6,white
6.8,0.25,0.29,2.0,0.042,19.0,189.0,0.9952,3.46,0.54,10.2,6,white
7.7,0.3,0.42,14.3,0.045,45.0,213.0,0.9991,3.18,0.63,9.2,5,white
7.3,0.4,0.28,6.5,0.037,26.0,97.0,0.99148,3.16,0.58,12.6,7,white
11.7,0.45,0.63,2.2,0.073,7.0,23.0,0.99974,3.21,0.69,10.9,6,red
8.1,0.2,0.28,0.9,0.023,49.0,87.0,0.99062,2.92,0.36,11.1,6,white
7.5,0.58,0.2,2.0,0.073,34.0,44.0,0.99494,3.1,0.43,9.3,5,red
9.0,0.54,0.49,2.9,0.094,41.0,110.0,0.9982,3.08,0.61,9.2,5,red
7.1,0.46,0.2,1.9,0.077,28.0,54.0,0.9956,3.37,0.64,10.4,6,red
6.0,0.16,0.22,1.6,0.042,36.0,106.0,0.9905,3.24,0.32,11.4,6,white
12.3,0.39,0.63,2.3,0.091,6.0,18.0,1.0004,3.16,0.49,9.5,5,red
6.6,0.26,0.21,2.9,0.026,48.0,126.0,0.99089,3.22,0.38,11.3,7,white
6.8,0.66,0.07,1.6,0.07,16.0,61.0,0.99572,3.29,0.6,9.3,5,red
7.1,0.28,0.26,1.9,0.049,12.0,86.0,0.9934,3.15,0.38,9.4,5,white
5.3,0.16,0.39,1.0,0.028,40.0,101.0,0.99156,3.57,0.59,10.6,6,white
6.6,0.21,0.6,1.1,0.135,61.0,144.0,0.9927,3.12,0.39,9.3,7,white
6.3,0.2,0.26,1.6,0.027,36.0,141.0,0.99268,3.53,0.56,10.8,6,white
7.8,0.56,0.19,1.8,0.104,12.0,47.0,0.9964,3.19,0.93,9.5,5,red
5.4,0.22,0.35,6.5,0.029,26.0,87.0,0.99092,3.29,0.44,12.5,7,white
8.0,0.25,0.26,14.0,0.043,41.0,248.0,0.9986,3.03,0.57,8.7,6,white
6.8,0.32,0.21,2.2,0.044,15.0,68.0,0.9932,3.17,0.39,9.4,6,white
5.7,0.32,0.38,4.75,0.033,23.0,94.0,0.991,3.42,0.42,11.8,7,white
3.8,0.31,0.02,11.1,0.036,20.0,114.0,0.99248,3.75,0.44,12.4,6,white
6.1,0.27,0.28,9.8,0.042,61.0,125.0,0.99532,3.14,0.42,10.2,6,white
5.8,0.2,0.16,1.4,0.042,44.0,99.0,0.98912,3.23,0.37,12.2,6,white
6.3,0.67,0.48,12.6,0.052,57.0,222.0,0.9979,3.17,0.52,9.3,6,white
5.3,0.6,0.34,1.4,0.031,3.0,60.0,0.98854,3.27,0.38,13.0,6,white
7.0,0.14,0.41,0.9,0.037,22.0,95.0,0.9914,3.25,0.43,10.9,6,white
6.3,0.27,0.23,2.9,0.047,13.0,100.0,0.9936,3.28,0.43,9.8,5,white
10.9,0.32,0.52,1.8,0.132,17.0,44.0,0.99734,3.28,0.77,11.5,6,red
7.3,0.67,0.26,1.8,0.401,16.0,51.0,0.9969,3.16,1.14,9.4,5,red
7.5,0.705,0.1,13.0,0.044,44.0,214.0,0.99741,3.1,0.5,9.1,5,white
7.6,0.27,0.52,3.2,0.043,28.0,152.0,0.99129,3.02,0.53,11.4,6,white
7.5,0.34,0.24,3.85,0.031,5.0,34.0,0.99098,3.01,0.36,11.8,4,white
11.9,0.58,0.58,1.9,0.071,5.0,18.0,0.998,3.09,0.63,10.0,6,red
7.6,0.36,0.48,13.5,0.038,44.0,116.0,0.9982,3.04,0.48,9.2,5,white
6.2,0.46,0.25,4.4,0.066,62.0,207.0,0.9939,3.25,0.52,9.8,5,white
6.9,0.21,0.33,1.8,0.034,48.0,136.0,0.9899,3.25,0.41,12.6,7,white
8.7,0.69,0.31,3.0,0.086,23.0,81.0,1.0002,3.48,0.74,11.6,6,red
8.2,0.5,0.35,2.9,0.077,21.0,127.0,0.9976,3.23,0.62,9.4,5,red
7.7,0.12,0.32,1.4,0.06,47.0,150.0,0.9952,3.37,0.42,9.2,6,white
7.6,0.2,0.26,4.5,0.086,37.0,133.0,0.9963,3.15,0.42,9.2,5,white
6.6,0.15,0.34,1.0,0.037,45.0,79.0,0.98949,2.96,0.5,11.7,6,white
6.5,0.18,0.26,1.4,0.041,40.0,141.0,0.9941,3.34,0.72,9.5,6,white
6.5,0.46,0.14,2.4,0.114,9.0,37.0,0.99732,3.66,0.65,9.8,5,red
8.2,0.2,0.49,3.5,0.057,14.0,108.0,0.9928,3.19,0.35,11.5,6,white
6.9,0.33,0.21,1.0,0.053,39.0,148.0,0.9927,3.12,0.45,9.4,6,white
7.1,0.46,0.23,13.7,0.045,44.0,192.0,0.9981,3.11,0.53,9.4,5,white
10.3,0.59,0.42,2.8,0.09,35.0,73.0,0.999,3.28,0.7,9.5,6,red
5.5,0.14,0.27,4.6,0.029,22.0,104.0,0.9949,3.34,0.44,9.0,5,white
6.8,0.18,0.24,9.8,0.058,64.0,188.0,0.9952,3.13,0.51,10.6,6,white
7.0,0.27,0.29,3.9,0.059,28.0,199.0,0.9961,3.54,0.59,10.3,5,white
7.3,0.42,0.38,6.8,0.045,29.0,122.0,0.9925,3.19,0.37,12.6,7,white
6.9,0.3,0.21,15.7,0.056,49.0,159.0,0.99827,3.11,0.48,9.0,5,white
7.7,0.28,0.35,15.3,0.056,31.0,117.0,0.9998,3.27,0.5,9.6,5,white
8.4,0.58,0.27,12.15,0.033,37.0,116.0,0.9959,2.99,0.39,10.8,6,white
7.4,0.31,0.74,10.7,0.039,51.0,147.0,0.9977,3.02,0.43,8.7,5,white
6.9,0.615,0.42,12.0,0.067,24.0,131.0,0.99727,3.19,0.34,9.3,5,white
6.5,0.43,0.18,13.15,0.032,25.0,131.0,0.99565,3.23,0.51,10.7,5,white
7.2,0.24,0.3,1.2,0.037,11.0,95.0,0.98914,2.96,0.36,12.5,6,white
6.4,0.25,0.53,6.6,0.038,59.0,234.0,0.9955,3.03,0.42,8.8,5,white
7.6,0.22,0.34,9.7,0.035,26.0,143.0,0.9965,3.08,0.49,9.8,6,white
7.3,0.26,0.3,9.3,0.05,35.0,154.0,0.99581,3.21,0.5,10.4,6,white
7.0,0.16,0.3,2.6,0.043,34.0,90.0,0.99047,2.88,0.47,11.2,6,white
6.2,0.2,0.25,15.0,0.055,8.0,120.0,0.99767,3.19,0.53,9.6,6,white
5.9,0.34,0.22,2.4,0.03,19.0,135.0,0.9894,3.41,0.78,13.9,7,white
7.3,0.25,0.42,14.2,0.041,57.0,182.0,0.9996,3.29,0.75,9.1,7,white
6.6,0.36,0.21,1.5,0.049,39.0,184.0,0.9928,3.18,0.41,9.9,6,white
6.9,0.19,0.35,1.7,0.036,33.0,101.0,0.99315,3.21,0.54,10.8,7,white
7.4,0.49,0.27,2.1,0.071,14.0,25.0,0.99388,3.35,0.63,12.0,6,red
6.2,0.3,0.31,1.6,0.035,40.0,106.0,0.98914,3.26,0.39,12.9,7,white
7.8,0.15,0.34,1.1,0.035,31.0,93.0,0.99096,3.07,0.72,11.3,7,white
7.3,0.22,0.4,14.75,0.042,44.5,129.5,0.9998,3.36,0.41,9.1,7,white
7.7,0.25,0.49,2.5,0.047,31.0,169.0,0.99252,3.07,0.57,10.6,6,white
6.4,0.37,0.2,5.6,0.117,61.0,183.0,0.99459,3.24,0.43,9.5,5,white
6.4,0.31,0.28,1.5,0.037,12.0,119.0,0.9919,3.32,0.51,10.4,7,white
8.7,0.31,0.73,14.35,0.044,27.0,191.0,1.00013,2.96,0.88,8.7,5,white
7.4,0.27,0.26,11.8,0.053,55.0,173.0,0.99699,3.11,0.6,9.8,5,white
10.2,0.49,0.63,2.9,0.072,10.0,26.0,0.9968,3.16,0.78,12.5,7,red
9.8,0.66,0.39,3.2,0.083,21.0,59.0,0.9989,3.37,0.71,11.5,7,red
8.1,0.28,0.4,6.9,0.05,30.0,97.0,0.9951,3.26,0.44,10.1,6,white
13.0,0.47,0.49,4.3,0.085,6.0,47.0,1.0021,3.3,0.68,12.7,6,red
7.3,0.26,0.33,11.8,0.057,48.0,127.0,0.99693,3.1,0.55,10.0,6,white
7.1,0.23,0.28,1.9,0.046,33.0,103.0,0.98997,3.12,0.31,12.0,5,white
6.1,0.17,0.28,4.5,0.033,46.0,150.0,0.9933,3.43,0.49,10.9,6,white
6.8,0.18,0.37,1.5,0.027,37.0,93.0,0.992,3.3,0.45,10.8,6,white
6.5,0.51,0.25,1.7,0.048,39.0,177.0,0.99212,3.28,0.57,10.6,5,white
6.8,0.17,0.35,1.8,0.04,29.0,84.0,0.98961,2.91,0.57,12.0,7,white
5.7,0.46,0.46,1.4,0.04,31.0,169.0,0.9932,3.13,0.47,8.8,5,white
6.8,0.28,0.29,11.9,0.052,51.0,149.0,0.99544,3.02,0.58,10.4,6,white
6.6,0.44,0.09,2.2,0.063,9.0,18.0,0.99444,3.42,0.69,11.3,6,red
6.1,0.28,0.25,17.75,0.044,48.0,161.0,0.9993,3.34,0.48,9.5,5,white
7.9,0.545,0.06,4.0,0.087,27.0,61.0,0.9965,3.36,0.67,10.7,6,red
7.2,0.21,0.28,2.7,0.033,38.0,94.0,0.99075,2.99,0.43,11.8,7,white
8.0,1.18,0.21,1.9,0.083,14.0,41.0,0.99532,3.34,0.47,10.5,5,red
6.8,0.18,0.28,9.8,0.039,29.0,113.0,0.99406,3.11,0.45,10.9,7,white
6.3,0.33,0.2,17.9,0.066,36.0,161.0,0.9991,3.14,0.51,8.8,5,white
6.2,0.255,0.24,1.7,0.039,138.5,272.0,0.99452,3.53,0.53,9.6,4,white
7.3,0.655,0.2,10.2,0.071,28.0,212.0,0.9971,2.96,0.58,9.2,6,white
7.2,0.695,0.13,2.0,0.076,12.0,20.0,0.99546,3.29,0.54,10.1,5,red
6.8,0.37,0.28,1.9,0.024,64.0,106.0,0.98993,3.45,0.6,12.6,8,white
8.2,0.27,0.43,1.6,0.035,31.0,128.0,0.9916,3.1,0.5,12.3,6,white
6.8,0.45,0.28,26.05,0.031,27.0,122.0,1.00295,3.06,0.42,10.6,6,white
6.5,0.26,0.28,12.5,0.046,80.0,225.0,0.99685,3.18,0.41,10.0,6,white
5.2,0.44,0.04,1.4,0.036,43.0,119.0,0.9894,3.36,0.33,12.1,8,white
7.0,0.31,0.52,1.7,0.029,5.0,61.0,0.9918,3.07,0.43,10.4,5,white
6.2,0.23,0.36,17.2,0.039,37.0,130.0,0.99946,3.23,0.43,8.8,6,white
7.5,0.4,0.12,3.0,0.092,29.0,53.0,0.9967,3.37,0.7,10.3,6,red
7.0,0.2,0.37,2.0,0.03,26.0,136.0,0.9932,3.28,0.61,10.2,6,white
7.5,0.33,0.38,8.7,0.126,49.0,199.0,0.99711,2.98,0.57,9.4,5,white
6.3,0.23,0.22,17.45,0.054,42.0,151.0,0.99853,3.12,0.6,9.3,6,white
7.2,0.4,0.49,1.1,0.048,11.0,138.0,0.9929,3.01,0.42,9.3,5,white
7.0,0.24,0.36,4.9,0.083,10.0,133.0,0.9942,3.33,0.37,10.8,6,white
7.1,0.53,0.07,1.7,0.071,15.0,24.0,0.9951,3.29,0.66,10.8,6,red
6.8,0.27,0.42,7.3,0.054,58.0,200.0,0.99556,3.12,0.49,9.4,6,white
5.8,0.415,0.13,1.4,0.04,11.0,64.0,0.9922,3.29,0.52,10.5,5,white
6.6,0.32,0.47,15.6,0.063,27.0,173.0,0.99872,3.18,0.56,9.0,5,white
6.7,0.35,0.32,9.0,0.032,29.0,113.0,0.99188,3.13,0.65,12.9,7,white
7.8,0.25,0.37,1.0,0.043,10.0,80.0,0.99128,3.08,0.38,11.4,5,white
6.4,0.3,0.16,7.5,0.05,55.0,191.0,0.9959,3.17,0.49,9.0,5,white
7.3,0.26,0.31,1.6,0.04,39.0,173.0,0.9918,3.19,0.51,11.4,6,white
6.4,0.31,0.28,2.5,0.039,34.0,137.0,0.98946,3.22,0.38,12.7,6,white
6.5,0.18,0.48,18.0,0.054,56.0,183.0,1.00038,2.98,0.61,8.5,6,white
6.4,0.44,0.26,2.0,0.054,20.0,180.0,0.9952,3.58,0.57,10.0,5,white
5.9,0.27,0.27,9.0,0.051,43.0,136.0,0.9941,3.25,0.53,10.7,6,white
10.0,0.56,0.24,2.2,0.079,19.0,58.0,0.9991,3.18,0.56,10.1,6,red
7.1,0.39,0.35,12.5,0.044,26.0,72.0,0.9941,3.17,0.29,11.6,5,white
7.6,0.23,0.34,1.6,0.043,24.0,129.0,0.99305,3.12,0.7,10.4,5,white
6.0,0.39,0.17,12.0,0.046,65.0,246.0,0.9976,3.15,0.38,9.0,6,white
6.6,0.26,0.46,6.9,0.047,59.0,183.0,0.99594,3.2,0.45,9.3,5,white
6.7,0.18,0.3,6.4,0.048,40.0,251.0,0.9956,3.29,0.52,10.0,5,white
7.4,0.22,0.33,2.0,0.045,31.0,101.0,0.9931,3.42,0.55,11.4,5,white
6.6,0.28,0.42,8.2,0.044,60.0,196.0,0.99562,3.14,0.48,9.4,5,white
6.6,0.32,0.24,1.3,0.06,42.5,204.0,0.99512,3.59,0.51,9.2,5,white
6.0,0.22,0.25,11.1,0.056,112.0,177.0,0.9961,3.08,0.36,9.4,6,white
7.5,0.24,0.29,1.1,0.046,34.0,84.0,0.9902,3.04,0.39,11.45,6,white
5.5,0.16,0.22,4.5,0.03,30.0,102.0,0.9938,3.24,0.36,9.4,6,white
7.6,0.29,0.58,17.5,0.041,51.0,225.0,0.9997,3.16,0.66,9.5,6,white
7.3,0.22,0.5,13.7,0.049,56.0,189.0,0.9994,3.24,0.66,9.0,6,white
6.6,0.25,0.39,1.45,0.04,40.0,89.0,0.9911,3.35,0.4,11.4,7,white
6.8,0.59,0.1,1.7,0.063,34.0,53.0,0.9958,3.41,0.67,9.7,5,red
7.7,1.005,0.15,2.1,0.102,11.0,32.0,0.99604,3.23,0.48,10.0,5,red
9.7,0.32,0.54,2.5,0.094,28.0,83.0,0.9984,3.28,0.82,9.6,5,red
7.2,0.29,0.18,8.2,0.042,41.0,180.0,0.99644,3.16,0.49,9.1,5,white
7.9,0.25,0.29,5.3,0.031,33.0,117.0,0.9918,3.06,0.32,11.8,7,white
6.3,0.39,0.35,5.9,0.04,82.5,260.0,0.9941,3.12,0.66,10.1,5,white
6.1,0.21,0.3,6.3,0.039,47.0,136.0,0.99068,3.27,0.31,12.7,6,white
7.1,0.34,0.15,1.2,0.053,61.0,183.0,0.9936,3.09,0.43,9.2,5,white
8.2,0.68,0.3,2.1,0.047,17.0,138.0,0.995,3.22,0.71,10.8,4,white
6.0,0.54,0.06,1.8,0.05,38.0,89.0,0.99236,3.3,0.5,10.55,6,red
10.0,0.35,0.47,2.0,0.061,6.0,11.0,0.99585,3.23,0.52,12.0,6,red
6.9,0.3,0.49,7.6,0.057,25.0,156.0,0.9962,3.43,0.63,11.0,7,white
7.5,0.57,0.08,2.6,0.089,14.0,27.0,0.99592,3.3,0.59,10.4,6,red
7.1,0.32,0.4,1.5,0.034,13.0,84.0,0.9944,3.42,0.6,10.4,5,white
6.8,0.24,0.29,2.0,0.044,15.0,96.0,0.99232,3.23,0.64,10.4,8,white
7.6,0.32,0.58,16.75,0.05,43.0,163.0,0.9999,3.15,0.54,9.2,5,white
6.7,0.3,0.45,10.6,0.032,56.0,212.0,0.997,3.22,0.59,9.5,6,white
6.9,0.39,0.4,4.6,0.022,5.0,19.0,0.9915,3.31,0.37,12.6,3,white
9.5,0.59,0.44,2.3,0.071,21.0,68.0,0.9992,3.46,0.63,9.5,5,red
5.9,0.23,0.3,12.9,0.054,57.0,170.0,0.9972,3.28,0.39,9.4,5,white
8.1,0.82,0.0,4.1,0.095,5.0,14.0,0.99854,3.36,0.53,9.6,5,red
7.2,0.35,0.25,5.6,0.032,23.0,120.0,0.99334,2.93,0.66,10.3,7,white
7.6,0.21,0.44,1.9,0.036,10.0,119.0,0.9913,3.01,0.7,12.8,6,white
6.7,0.3,0.29,2.8,0.025,37.0,107.0,0.99159,3.31,0.63,11.3,7,white
6.9,0.25,0.35,9.2,0.034,42.0,150.0,0.9947,3.21,0.36,11.5,6,white
6.2,0.28,0.28,4.3,0.026,22.0,105.0,0.989,2.98,0.64,13.1,8,white
8.6,0.47,0.47,2.4,0.074,7.0,29.0,0.9979,3.08,0.46,9.5,5,red
6.6,0.28,0.36,1.7,0.038,22.0,101.0,0.9912,3.29,0.57,11.6,6,white
8.0,0.58,0.28,3.2,0.066,21.0,114.0,0.9973,3.22,0.54,9.4,6,red
6.6,0.22,0.53,15.1,0.052,22.0,136.0,0.9986,2.94,0.35,9.4,5,white
7.1,0.53,0.24,0.8,0.029,29.0,86.0,0.993,3.16,0.32,9.1,4,white
8.3,0.22,0.38,14.8,0.054,32.0,126.0,1.0002,3.22,0.5,9.7,5,white
6.5,0.15,0.32,1.3,0.036,19.0,76.0,0.98964,3.18,0.41,12.3,6,white
6.6,0.32,0.22,16.7,0.046,38.0,133.0,0.9979,3.22,0.67,10.4,6,white
6.2,0.21,0.27,1.7,0.038,41.0,150.0,0.9933,3.49,0.71,10.5,7,white
7.1,0.36,0.24,1.8,0.025,32.0,102.0,0.9903,3.34,0.59,12.8,6,white
6.9,0.35,0.55,11.95,0.038,22.0,111.0,0.99687,3.11,0.29,9.7,5,white
7.2,0.35,0.26,1.8,0.083,33.0,75.0,0.9968,3.4,0.58,9.5,6,red
7.1,0.2,0.31,7.4,0.053,32.0,211.0,0.99587,3.31,0.59,10.4,6,white
6.4,0.25,0.32,11.3,0.038,69.0,192.0,0.99573,3.14,0.5,10.2,6,white
6.8,0.16,0.36,1.3,0.034,32.0,98.0,0.99058,3.02,0.58,11.3,6,white
6.8,0.19,0.36,1.9,0.035,30.0,96.0,0.9917,3.15,0.54,10.8,7,white
7.5,0.18,0.72,9.6,0.039,53.0,151.0,0.99802,3.03,0.46,8.9,5,white
7.2,0.39,0.54,1.4,0.157,34.0,132.0,0.99449,3.11,0.53,9.0,6,white
7.7,0.32,0.61,11.8,0.041,66.0,188.0,0.99794,3.0,0.54,9.3,5,white
7.6,0.63,0.03,2.0,0.08,27.0,43.0,0.99578,3.44,0.64,10.9,6,red
7.4,0.26,0.43,6.0,0.022,22.0,125.0,0.9928,3.13,0.55,11.5,6,white
7.2,0.36,0.36,5.7,0.038,26.0,98.0,0.9914,2.93,0.59,12.5,7,white
6.7,0.43,0.23,5.0,0.157,49.0,145.0,0.99471,3.17,0.49,9.4,5,white
5.6,0.26,0.5,11.4,0.029,25.0,93.0,0.99428,3.23,0.49,10.5,6,white
5.4,0.29,0.47,3.0,0.052,47.0,145.0,0.993,3.29,0.75,10.0,6,white
6.5,0.19,0.1,1.3,0.046,23.0,107.0,0.9937,3.29,0.45,10.0,5,white
6.6,0.16,0.25,9.8,0.049,59.5,137.0,0.995,3.16,0.38,10.0,6,white
7.2,0.725,0.05,4.65,0.086,4.0,11.0,0.9962,3.41,0.39,10.9,5,red
7.7,0.39,0.3,5.2,0.037,29.0,131.0,0.9943,3.38,0.44,11.0,6,white
6.7,0.31,0.09,1.4,0.039,53.0,141.0,0.99206,3.12,0.44,10.1,5,white
7.5,0.33,0.39,12.4,0.065,29.0,119.0,0.9974,3.16,0.39,9.4,5,white
7.3,0.13,0.32,14.4,0.051,34.0,109.0,0.9974,3.2,0.35,9.2,6,white
6.6,0.26,0.27,11.8,0.048,28.0,112.0,0.99606,2.87,0.49,9.7,6,white
6.4,0.23,0.35,4.6,0.039,43.0,147.0,0.99216,3.18,0.4,11.0,7,white
6.0,0.28,0.27,2.3,0.051,23.0,147.0,0.994,3.23,0.67,10.3,6,white
6.45,0.14,0.42,1.2,0.05,51.0,129.0,0.99116,3.27,0.69,11.1,7,white
6.3,0.24,0.74,1.4,0.172,24.0,108.0,0.9932,3.27,0.39,9.9,6,white
12.2,0.34,0.5,2.4,0.066,10.0,21.0,1.0,3.12,1.18,9.2,6,red
7.3,0.24,0.39,3.6,0.024,35.0,116.0,0.9928,3.17,0.51,10.9,5,white
7.4,0.41,0.24,1.8,0.066,18.0,47.0,0.9956,3.37,0.62,10.4,5,red
15.5,0.645,0.49,4.2,0.095,10.0,23.0,1.00315,2.92,0.74,11.1,5,red
7.1,0.34,0.86,1.4,0.174,36.0,99.0,0.99288,2.92,0.5,9.3,5,white
6.9,0.32,0.26,2.3,0.03,11.0,103.0,0.99106,3.06,0.42,11.1,6,white
6.8,0.24,0.31,18.3,0.046,40.0,142.0,1.0,3.3,0.41,8.7,5,white
6.2,0.32,0.12,4.8,0.054,6.0,97.0,0.99424,3.16,0.5,9.3,5,white
6.8,0.32,0.28,4.8,0.034,25.0,100.0,0.99026,3.08,0.47,12.4,7,white
6.5,0.25,0.27,17.4,0.064,29.0,140.0,0.99776,3.2,0.49,10.1,6,white
7.2,0.27,0.28,15.2,0.046,6.0,41.0,0.99665,3.17,0.39,10.9,6,white
7.5,0.17,0.32,1.7,0.04,51.0,148.0,0.9916,3.21,0.44,11.5,7,white
6.8,0.32,0.39,9.6,0.026,34.0,124.0,0.99286,3.18,0.35,12.1,6,white
9.4,0.24,0.33,2.3,0.061,52.0,73.0,0.99786,3.47,0.9,10.2,6,red
12.5,0.46,0.49,4.5,0.07,26.0,49.0,0.9981,3.05,0.57,9.6,4,red
6.9,0.34,0.49,7.3,0.045,61.0,206.0,0.9957,3.09,0.4,9.0,6,white
7.4,0.53,0.12,1.9,0.165,4.0,12.0,0.99702,3.26,0.86,9.2,5,red
6.9,0.51,0.23,2.0,0.072,13.0,22.0,0.99438,3.4,0.84,11.2,6,red
7.3,0.27,0.39,6.7,0.064,28.0,188.0,0.9958,3.29,0.3,9.7,5,white
6.9,0.25,0.35,9.2,0.034,42.0,150.0,0.9947,3.21,0.36,11.5,6,white
5.6,0.85,0.05,1.4,0.045,12.0,88.0,0.9924,3.56,0.82,12.9,8,red
6.0,0.31,0.27,2.3,0.042,19.0,120.0,0.98952,3.32,0.41,12.7,7,white
7.1,0.32,0.34,14.5,0.039,46.0,150.0,0.995,3.38,0.5,12.5,8,white
8.0,0.71,0.0,2.6,0.08,11.0,34.0,0.9976,3.44,0.53,9.5,5,red
6.1,0.24,0.25,1.6,0.044,24.0,115.0,0.9921,3.39,0.59,10.9,6,white
5.7,0.22,0.22,16.65,0.044,39.0,110.0,0.99855,3.24,0.48,9.0,6,white
6.4,0.35,0.35,5.6,0.034,9.0,148.0,0.99441,3.17,0.5,9.8,4,white
6.5,0.17,0.31,1.5,0.041,34.0,121.0,0.99092,3.06,0.46,10.5,6,white
6.7,0.62,0.21,1.9,0.079,8.0,62.0,0.997,3.52,0.58,9.3,6,red
7.1,0.17,0.38,7.4,0.052,49.0,182.0,0.9958,3.35,0.52,9.6,6,white
6.5,0.22,0.34,12.0,0.053,55.0,177.0,0.9983,3.52,0.44,9.9,6,white
7.4,0.635,0.1,2.4,0.08,16.0,33.0,0.99736,3.58,0.69,10.8,7,red
6.5,0.33,0.3,3.8,0.036,34.0,88.0,0.99028,3.25,0.63,12.5,7,white
6.8,0.18,0.3,12.8,0.062,19.0,171.0,0.99808,3.0,0.52,9.0,7,white
6.7,0.26,0.49,8.1,0.052,48.0,197.0,0.99558,3.19,0.48,9.5,5,white
7.3,0.13,0.27,4.6,0.08,34.0,172.0,0.9938,3.23,0.39,11.1,7,white
5.5,0.17,0.23,2.9,0.039,10.0,108.0,0.99243,3.28,0.5,10.0,5,white
7.0,0.15,0.3,13.3,0.049,46.0,120.0,0.99704,3.2,0.36,9.5,7,white
5.8,0.15,0.28,0.8,0.037,43.0,127.0,0.99198,3.24,0.51,9.3,5,white
7.0,0.18,0.26,1.4,0.044,46.0,89.0,0.99256,3.39,0.48,10.7,7,white

